<?xml version="1.0" encoding="UTF-8"?>
<!DOCTYPE suite SYSTEM "https://testng.org/testng-1.0.dtd">
<suite name="Suite">
  <test thread-count="5" name="Test">
    <classes>
      <class name="testCases.Vacancy_add"/>
      <class name="testCases.Candidate_add"/>
      <class name="testCases.Vacancy_edit"/>
      <class name="testCases.BaseTest"/>
      <class name="testCases.Candidate_search"/>
      <class name="testCases.Candidate_edit"/>
      <class name="testCases.Vacancy_search"/>
    </classes>
  </test> <!-- Test -->
</suite> <!-- Suite -->
